{
  "jest.config.js": 1775415597.5623767,
  "jest.setup.ts": 1775415324.2861304,
  "next-env.d.ts": 1775414964.9894516,
  "next.config.mjs": 1775416188.7539716,
  "postcss.config.js": 1775414221.6368923,
  "tailwind.config.ts": 1775524733.8619814,
  "scripts\\ingest-html.ts": 1775414820.8480089,
  "src\\global.d.ts": 1775496368.301269,
  "src\\app\\layout.tsx": 1775524792.2718518,
  "src\\app\\page.tsx": 1775524842.3516102,
  "src\\app\\claude-code\\page.tsx": 1775524834.463508,
  "src\\app\\claude-code\\[slug]\\page.tsx": 1775523284.6152713,
  "src\\app\\genai\\page.tsx": 1775524830.633482,
  "src\\app\\genai\\[slug]\\page.tsx": 1775523275.5169945,
  "src\\app\\oil-trading\\page.tsx": 1775524825.935036,
  "src\\app\\oil-trading\\[slug]\\page.tsx": 1775523266.2274382,
  "src\\components\\content\\CategoryFilter.tsx": 1775523250.7134397,
  "src\\components\\content\\DownloadButton.tsx": 1775416211.89471,
  "src\\components\\content\\PostCard.tsx": 1775524848.0480666,
  "src\\components\\content\\SimulatorFrame.tsx": 1775533156.299724,
  "src\\components\\layout\\SiteFooter.tsx": 1775533205.9293048,
  "src\\components\\layout\\SiteHeader.tsx": 1775533163.7792542,
  "src\\components\\ui\\Badge.tsx": 1775496928.5544562,
  "src\\components\\ui\\Button.tsx": 1775414535.5558138,
  "src\\components\\ui\\SearchBar.tsx": 1775496920.8611784,
  "src\\hooks\\useFilter.ts": 1775414445.218446,
  "src\\lib\\posts.ts": 1776636728.6391137,
  "src\\lib\\types.ts": 1775520696.5808175,
  "src\\lib\\utils.ts": 1775520714.3418994,
  "tests\\components\\Badge.test.tsx": 1775415402.7733197,
  "tests\\components\\PostCard.test.tsx": 1775415421.3705747,
  "tests\\components\\SimulatorFrame.test.tsx": 1775425464.5986812,
  "tests\\hooks\\useFilter.test.ts": 1775415392.2762344,
  "tests\\lib\\posts.test.ts": 1776636754.849815,
  "tests\\lib\\utils.test.ts": 1775415344.2750971,
  "README.md": 1776637276.1855824,
  "docs\\architecture.md": 1776624533.323318,
  "docs\\design-system.md": 1776624540.4653175,
  "public\\simulations\\claude_code_interactive_simulator.html": 1775533183.3856778,
  "public\\simulations\\exposure-report-clean.html": 1775499017.9673376,
  "public\\simulations\\freight-logistics-simulator.html": 1775499018.5941923,
  "public\\simulations\\GenAI_Curriculum_Phases1-3.html": 1775498674.8928246,
  "public\\simulations\\GenAI_Curriculum_Phases4-6.html": 1775499102.8388724,
  "public\\simulations\\local-llm with Harness-blog.html": 1776636687.9204686,
  "public\\simulations\\mcp-blog.html": 1776561695.931849,
  "public\\simulations\\oil-trading-simulator.html": 1775498995.042148,
  "public\\simulations\\trading-reports-explained.html": 1775499018.2821498
}